{
  "losses": [
    0.9284875107308229,
    0.6731412087877592,
    0.5477797389030457,
    0.4559149083991845,
    0.3895609366397063,
    0.3322656322270632,
    0.28995790146291256,
    0.25341534428298473,
    0.2274481433754166,
    0.20804516350229582,
    0.18706930428743362,
    0.16877195425331593,
    0.1507766394255062,
    0.13945890171453357,
    0.13242429851864776,
    0.1227354717751344,
    0.11916857476656635,
    0.10836683819070458,
    0.10428280911097924,
    0.09910855271543066,
    0.09362758665035169,
    0.08930402637148897,
    0.08627254570213456,
    0.08335939825822909,
    0.0829604547470808,
    0.08137672860175371,
    0.07629145301568012,
    0.07719849065567057,
    0.0739819968584925,
    0.07384225990002354,
    0.07244306546635926,
    0.0724863027377675,
    0.07284968951717019,
    0.06719613059734304,
    0.07059366861358285,
    0.06790949691397448,
    0.0653946412106355,
    0.06870516358564298,
    0.0684014291036874,
    0.0678601930073152,
    0.06584224756807089,
    0.06468289624899626,
    0.06662197504192591,
    0.06458648193317156,
    0.0654041909923156,
    0.06661057635210454,
    0.06439017605346938,
    0.06409968117562433,
    0.06670882436446846,
    0.0639685532078147
  ],
  "metrics": {
    "both": {
      "optimistic": {
        "adjusted_arithmetic_mean_rank": 0.34521179176780603,
        "adjusted_arithmetic_mean_rank_index": 0.6549028745971918,
        "adjusted_geometric_mean_rank_index": 0.9273927964775623,
        "adjusted_hits_at_k": 0.15937184001349897,
        "adjusted_inverse_harmonic_mean_rank": 0.059471441811655194,
        "arithmetic_mean_rank": 1971.634792626728,
        "count": 5208.0,
        "geometric_mean_rank": 301.04607254777625,
        "harmonic_mean_rank": 16.579264179586385,
        "hits_at_1": 0.010368663594470046,
        "hits_at_10": 0.16013824884792627,
        "hits_at_3": 0.07699692780337941,
        "hits_at_5": 0.10733486943164362,
        "inverse_arithmetic_mean_rank": 0.0005071933218766854,
        "inverse_geometric_mean_rank": 0.0033217506926329333,
        "inverse_harmonic_mean_rank": 0.06031630771836508,
        "inverse_median_rank": 0.001736111111111111,
        "median_absolute_deviation": 848.0484689852043,
        "median_rank": 576.0,
        "standard_deviation": 2725.2059831876495,
        "variance": 7426747.650801763,
        "z_arithmetic_mean_rank": 80.86280671128553,
        "z_geometric_mean_rank": 67.07598939414319,
        "z_hits_at_k": 380.74440005797493,
        "z_inverse_harmonic_mean_rank": 351.15077615503924
      },
      "pessimistic": {
        "adjusted_arithmetic_mean_rank": 0.3452123632952565,
        "adjusted_arithmetic_mean_rank_index": 0.6549023029696555,
        "adjusted_geometric_mean_rank_index": 0.9273926820346943,
        "adjusted_hits_at_k": 0.15937184001349897,
        "adjusted_inverse_harmonic_mean_rank": 0.059471440449377085,
        "arithmetic_mean_rank": 1971.6380568356374,
        "count": 5208.0,
        "geometric_mean_rank": 301.046545477891,
        "harmonic_mean_rank": 16.579264553702135,
        "hits_at_1": 0.010368663594470046,
        "hits_at_10": 0.16013824884792627,
        "hits_at_3": 0.07699692780337941,
        "hits_at_5": 0.10733486943164362,
        "inverse_arithmetic_mean_rank": 0.0005071924821764401,
        "inverse_geometric_mean_rank": 0.0033217454743171616,
        "inverse_harmonic_mean_rank": 0.060316306357310695,
        "inverse_median_rank": 0.001736111111111111,
        "median_absolute_deviation": 848.0484689852043,
        "median_rank": 576.0,
        "standard_deviation": 2725.2080129860233,
        "variance": 7426758.714043229,
        "z_arithmetic_mean_rank": 80.86273613073266,
        "z_geometric_mean_rank": 67.07598111677827,
        "z_hits_at_k": 380.74440005797493,
        "z_inverse_harmonic_mean_rank": 351.1507681114304
      },
      "realistic": {
        "adjusted_arithmetic_mean_rank": 0.3452120648914768,
        "adjusted_arithmetic_mean_rank_index": 0.6549026014256916,
        "adjusted_geometric_mean_rank_index": 0.9273927499917287,
        "adjusted_hits_at_k": 0.15937184001349897,
        "adjusted_inverse_harmonic_mean_rank": 0.0594714359703099,
        "arithmetic_mean_rank": 1971.6363525390625,
        "count": 5208.0,
        "geometric_mean_rank": 301.0462646484375,
        "harmonic_mean_rank": 16.579265594482422,
        "hits_at_1": 0.010368663594470046,
        "hits_at_10": 0.16013824884792627,
        "hits_at_3": 0.07699692780337941,
        "hits_at_5": 0.10733486943164362,
        "inverse_arithmetic_mean_rank": 0.0005071929190307856,
        "inverse_geometric_mean_rank": 0.003321748459711671,
        "inverse_harmonic_mean_rank": 0.060316301882267,
        "inverse_median_rank": 0.0017361111240461469,
        "median_absolute_deviation": 848.0484619140625,
        "median_rank": 576.0,
        "standard_deviation": 2725.206787109375,
        "variance": 7426752.5,
        "z_arithmetic_mean_rank": 80.86277298198755,
        "z_geometric_mean_rank": 67.07598603193972,
        "z_hits_at_k": 380.74440005797493,
        "z_inverse_harmonic_mean_rank": 351.15074166465405
      }
    },
    "head": {
      "optimistic": {
        "adjusted_arithmetic_mean_rank": 0.5643653145379419,
        "adjusted_arithmetic_mean_rank_index": 0.435716482912054,
        "adjusted_geometric_mean_rank_index": 0.6356852854094728,
        "adjusted_hits_at_k": 0.009759338618872654,
        "adjusted_inverse_harmonic_mean_rank": 0.006176441613014846,
        "arithmetic_mean_rank": 3006.246159754224,
        "count": 2604.0,
        "geometric_mean_rank": 1387.9008790526993,
        "harmonic_mean_rank": 139.90174317607116,
        "hits_at_1": 0.002688172043010753,
        "hits_at_10": 0.010752688172043012,
        "hits_at_3": 0.004224270353302612,
        "hits_at_5": 0.006144393241167435,
        "inverse_arithmetic_mean_rank": 0.0003326407575624995,
        "inverse_geometric_mean_rank": 0.0007205125489095028,
        "inverse_harmonic_mean_rank": 0.007147873766958469,
        "inverse_median_rank": 0.00048146364949446316,
        "median_absolute_deviation": 2601.9668934773313,
        "median_rank": 2077.0,
        "standard_deviation": 2894.077805678236,
        "variance": 8375686.345319355,
        "z_arithmetic_mean_rank": 37.64701072279235,
        "z_geometric_mean_rank": 32.52074428045369,
        "z_hits_at_k": 15.716719826520459,
        "z_inverse_harmonic_mean_rank": 24.589163612366203
      },
      "pessimistic": {
        "adjusted_arithmetic_mean_rank": 0.5643661796573234,
        "adjusted_arithmetic_mean_rank_index": 0.43571561763023237,
        "adjusted_geometric_mean_rank_index": 0.635684415923756,
        "adjusted_hits_at_k": 0.009759338618872654,
        "adjusted_inverse_harmonic_mean_rank": 0.006176439257593693,
        "arithmetic_mean_rank": 3006.2507680491553,
        "count": 2604.0,
        "geometric_mean_rank": 1387.904189076853,
        "harmonic_mean_rank": 139.90178923249874,
        "hits_at_1": 0.002688172043010753,
        "hits_at_10": 0.010752688172043012,
        "hits_at_3": 0.004224270353302612,
        "hits_at_5": 0.006144393241167435,
        "inverse_arithmetic_mean_rank": 0.0003326402476560295,
        "inverse_geometric_mean_rank": 0.0007205108305531791,
        "inverse_harmonic_mean_rank": 0.0071478714138396675,
        "inverse_median_rank": 0.00048146364949446316,
        "median_absolute_deviation": 2601.9668934773313,
        "median_rank": 2077.0,
        "standard_deviation": 2894.0789065036397,
        "variance": 8375692.717069304,
        "z_arithmetic_mean_rank": 37.646935960245386,
        "z_geometric_mean_rank": 32.52069979881584,
        "z_hits_at_k": 15.716719826520459,
        "z_inverse_harmonic_mean_rank": 24.589154235148744
      },
      "realistic": {
        "adjusted_arithmetic_mean_rank": 0.5643657604743157,