{
  "losses": [
    1.0174721653262775,
    1.0109894946217537,
    1.006635643541813,
    1.0036156351367633,
    1.0014872625470161,
    1.000421332816283,
    0.9998518663148085,
    0.9995318651199341,
    0.9991298789779345,
    0.998677384108305,
    0.9979460847874483,
    0.9969093315303326,
    0.9953845168153445,
    0.9933552891016006,
    0.9906570886572202,
    0.9870273371537527,
    0.982409461090962,
    0.9765171743929386,
    0.9697302902738253,
    0.9618985640505949,
    0.9531494937837124,
    0.9439623529712359,
    0.9345342268546423,
    0.9250929790238539,
    0.9154824477930864,
    0.9055960650245348,
    0.8948734551668167,
    0.8849121940632662,
    0.8743435355524222,
    0.8641372509300709,
    0.8564559159179529,
    0.8484740902980169,
    0.8429697391887506,
    0.8373618771632513,
    0.8318679854273796,
    0.8270932498077551,
    0.8222081114848455,
    0.8180272281169891,
    0.8140892920394739,
    0.8108120672404766,
    0.8080583177506924,
    0.8060968977709612,
    0.8046199455857277,
    0.8024055746694406,
    0.8019083514809608,
    0.8005462524791559,
    0.7993156562248865,
    0.798592089364926,
    0.7980301069716612,
    0.7976804301142693
  ],
  "metrics": {
    "both": {
      "optimistic": {
        "adjusted_arithmetic_mean_rank": 0.7877118774128755,
        "adjusted_arithmetic_mean_rank_index": 0.2123252984358085,
        "adjusted_geometric_mean_rank_index": 0.5884082608472754,
        "adjusted_hits_at_k": 0.055974960710175325,
        "adjusted_inverse_harmonic_mean_rank": 0.0324299505356999,
        "arithmetic_mean_rank": 4498.919738863287,
        "count": 5208.0,
        "geometric_mean_rank": 1701.884744689549,
        "harmonic_mean_rank": 30.030834909869483,
        "hits_at_1": 0.020353302611367127,
        "hits_at_10": 0.05683563748079877,
        "hits_at_3": 0.0359062980030722,
        "hits_at_5": 0.043010752688172046,
        "inverse_arithmetic_mean_rank": 0.0002222755812604613,
        "inverse_geometric_mean_rank": 0.0005875838555579838,
        "inverse_harmonic_mean_rank": 0.03329910750071604,
        "inverse_median_rank": 0.00025442055718102023,
        "median_absolute_deviation": 4667.973084964888,
        "median_rank": 3930.5,
        "standard_deviation": 3714.6469009558477,
        "variance": 13798601.598780885,
        "z_arithmetic_mean_rank": 26.216436411110564,
        "z_geometric_mean_rank": 42.55809017918438,
        "z_hits_at_k": 133.72596333241344,
        "z_inverse_harmonic_mean_rank": 191.4835415853122
      },
      "pessimistic": {
        "adjusted_arithmetic_mean_rank": 0.7877119782706608,
        "adjusted_arithmetic_mean_rank_index": 0.21232519756036095,
        "adjusted_geometric_mean_rank_index": 0.5884082182936683,
        "adjusted_hits_at_k": 0.055974960710175325,
        "adjusted_inverse_harmonic_mean_rank": 0.03242995051458938,
        "arithmetic_mean_rank": 4498.920314900153,
        "count": 5208.0,
        "geometric_mean_rank": 1701.8849205404576,
        "harmonic_mean_rank": 30.03083492889093,
        "hits_at_1": 0.020353302611367127,
        "hits_at_10": 0.05683563748079877,
        "hits_at_3": 0.0359062980030722,
        "hits_at_5": 0.043010752688172046,
        "inverse_arithmetic_mean_rank": 0.00022227555280053755,
        "inverse_geometric_mean_rank": 0.000587583794844622,
        "inverse_harmonic_mean_rank": 0.03329910747962448,
        "inverse_median_rank": 0.00025442055718102023,
        "median_absolute_deviation": 4667.973084964888,
        "median_rank": 3930.5,
        "standard_deviation": 3714.6472036941755,
        "variance": 13798603.847912956,
        "z_arithmetic_mean_rank": 26.216423955718895,
        "z_geometric_mean_rank": 42.55808710138896,
        "z_hits_at_k": 133.72596333241344,
        "z_inverse_harmonic_mean_rank": 191.48354146066453
      },
      "realistic": {
        "adjusted_arithmetic_mean_rank": 0.7877119094562344,
        "adjusted_arithmetic_mean_rank_index": 0.21232526638683813,
        "adjusted_geometric_mean_rank_index": 0.5884080194658898,
        "adjusted_hits_at_k": 0.055974960710175325,
        "adjusted_inverse_harmonic_mean_rank": 0.03242995013916753,
        "arithmetic_mean_rank": 4498.919921875,
        "count": 5208.0,
        "geometric_mean_rank": 1701.8857421875,
        "harmonic_mean_rank": 30.03083610534668,
        "hits_at_1": 0.020353302611367127,
        "hits_at_10": 0.05683563748079877,
        "hits_at_3": 0.0359062980030722,
        "hits_at_5": 0.043010752688172046,
        "inverse_arithmetic_mean_rank": 0.00022227557201404124,
        "inverse_geometric_mean_rank": 0.0005875835195183754,
        "inverse_harmonic_mean_rank": 0.03329910710453987,
        "inverse_median_rank": 0.00025442056357860565,
        "median_absolute_deviation": 4667.97314453125,
        "median_rank": 3930.5,
        "standard_deviation": 3714.64697265625,
        "variance": 13798603.0,
        "z_arithmetic_mean_rank": 26.21643245392883,
        "z_geometric_mean_rank": 42.558072720675625,
        "z_hits_at_k": 133.72596333241344,
        "z_inverse_harmonic_mean_rank": 191.48353924397583
      }
    },
    "head": {
      "optimistic": {
        "adjusted_arithmetic_mean_rank": 0.7437399601093453,
        "adjusted_arithmetic_mean_rank_index": 0.2563081568530968,
        "adjusted_geometric_mean_rank_index": 0.5726964080658807,
        "adjusted_hits_at_k": 0.03359277068627556,
        "adjusted_inverse_harmonic_mean_rank": 0.023605234903944103,
        "arithmetic_mean_rank": 3961.7342549923196,
        "count": 2604.0,
        "geometric_mean_rank": 1627.6917133497934,
        "harmonic_mean_rank": 40.71722422190995,
        "hits_at_1": 0.01651305683563748,
        "hits_at_10": 0.03456221198156682,
        "hits_at_3": 0.026113671274961597,
        "hits_at_5": 0.02956989247311828,
        "inverse_arithmetic_mean_rank": 0.00025241470922484645,
        "inverse_geometric_mean_rank": 0.00061436695401121,
        "inverse_harmonic_mean_rank": 0.024559630945124686,
        "inverse_median_rank": 0.0002995357196345664,
        "median_absolute_deviation": 4126.08197410109,
        "median_rank": 3338.5,
        "standard_deviation": 3424.496072680859,
        "variance": 11727173.351806626,
        "z_arithmetic_mean_rank": 22.14567570383906,
        "z_geometric_mean_rank": 29.298323973391962,
        "z_hits_at_k": 54.098764853978444,
        "z_inverse_harmonic_mean_rank": 93.97530479982922
      },
      "pessimistic": {
        "adjusted_arithmetic_mean_rank": 0.7437401042959089,
        "adjusted_arithmetic_mean_rank_index": 0.2563080126394599,
        "adjusted_geometric_mean_rank_index": 0.5726963366707339,
        "adjusted_hits_at_k": 0.03359277068627556,
        "adjusted_inverse_harmonic_mean_rank": 0.02360523486582248,
        "arithmetic_mean_rank": 3961.7350230414745,
        "count": 2604.0,
        "geometric_mean_rank": 1627.691985142252,
        "harmonic_mean_rank": 40.717224285049724,
        "hits_at_1": 0.01651305683563748,
        "hits_at_10": 0.03456221198156682,
        "hits_at_3": 0.026113671274961597,
        "hits_at_5": 0.02956989247311828,
        "inverse_arithmetic_mean_rank": 0.0002524146602899977,
        "inverse_geometric_mean_rank": 0.0006143668514240457,
        "inverse_harmonic_mean_rank": 0.024559630907040324,
        "inverse_median_rank": 0.0002995357196345664,
        "median_absolute_deviation": 4126.08197410109,
        "median_rank": 3338.5,
        "standard_deviation": 3424.4962689861804,
        "variance": 11727174.69630027,
        "z_arithmetic_mean_rank": 22.145663243414575,
        "z_geometric_mean_rank": 29.298320320919004,
        "z_hits_at_k": 54.098764853978444,
        "z_inverse_harmonic_mean_rank": 93.9753046480624
      },
      "realistic": {
        "adjusted_arithmetic_mean_rank": 0.7437400284712365,
        "adjusted_arithmetic_mean_rank_index": 0.2563080884783696,